edad,genero,año,1. CONTRA LAS PERSONAS,1.1.-Homicidios dolosos/asesinatos,1.1.1.-Homicidios dolosos/asesinatos consumados,1.2.-Lesiones,1.3.-Malos tratos ámbito familiar,1.4.-Otros contra las personas,2. CONTRA LA LIBERTAD,2.1.-Malos tratos habituales en el ámbito familiar,2.2.-Otros contra la libertad,3. LIBERTAD SEXUAL,3.1.-Agresión sexual,3.2.-Agresión sexual con penetración,3.3.-Corrupción de menores o incapacitados,3.4.-Pornografía de menores,3.5.-Otros contra la libertad e indemnidad sexual,4. RELACIONES FAMILIARES,5. PATRIMONIO,5.1.-Hurtos,5.2.-Robos con fuerza en las cosas,5.2.1.-Robos con fuerza en las cosas en el interior de vehículos,5.2.2.-Robos con fuerza en viviendas,5.2.3.-Robos con fuerza en establecimientos,5.3.-Robos con violencia o intimidación,5.3.1.-Robos con violencia en vía pública,5.3.2.-Robos con violencia en viviendas,5.3.3.-Robos con violencia en establecimientos,5.4.-Sustracción de vehículos,5.5.-Estafas,5.5.1.-Estafas bancarias,5.6.-Daños,5.7.-Contra la propiedad intelectual/industrial,5.8.-Blanqueo de capitales,5.9.-Otros contra el patrimonio,6. SEGURIDAD COLECTIVA,6.1.-Tráfico de drogas,6.2.-Contra la seguridad vial,6.3.-Otros contra la seguridad colectiva,7. FALSEDADES,8. ADMÓN. PÚBLICA,9. ADMÓN. JUSTICIA,10. ORDEN PÚBLICO,11. LEGISLACIÓN ESPECIAL,12. OTRAS INFRACCIONES PENALES
0-13 años,Masculino,2019,3105.0,7.0,6.0,1838.0,1122.0,138.0,1017.0,148.0,869.0,706.0,48.0,16.0,69.0,27.0,546.0,595.0,983.0,429.0,26.0,10.0,9.0,1.0,422.0,290.0,19.0,8.0,5.0,43.0,2.0,27.0,0.0,0.0,31.0,10.0,1.0,2.0,7.0,26.0,3.0,38.0,32.0,0.0,44.0
0-13 años,Femenino,2019,2053.0,9.0,3.0,962.0,981.0,101.0,1067.0,133.0,934.0,2112.0,170.0,61.0,112.0,30.0,1739.0,478.0,487.0,326.0,6.0,4.0,2.0,0.0,90.0,72.0,5.0,2.0,1.0,29.0,2.0,14.0,0.0,0.0,21.0,9.0,1.0,3.0,5.0,41.0,7.0,85.0,0.0,0.0,50.0
14-17 años,Masculino,2019,4800.0,21.0,3.0,4054.0,583.0,142.0,1735.0,81.0,1654.0,520.0,23.0,16.0,103.0,22.0,356.0,162.0,5608.0,2704.0,129.0,9.0,11.0,3.0,2340.0,1689.0,59.0,51.0,57.0,180.0,4.0,52.0,0.0,0.0,146.0,18.0,6.0,5.0,7.0,32.0,0.0,78.0,7.0,0.0,71.0
14-17 años,Femenino,2019,4517.0,4.0,0.0,2336.0,2062.0,115.0,2468.0,298.0,2170.0,2552.0,308.0,250.0,112.0,37.0,1845.0,179.0,4073.0,3154.0,36.0,6.0,8.0,3.0,579.0,398.0,15.0,25.0,8.0,150.0,7.0,28.0,0.0,0.0,118.0,27.0,5.0,5.0,17.0,79.0,7.0,482.0,2.0,0.0,105.0
18-30 años,Masculino,2019,20653.0,201.0,26.0,17962.0,2099.0,391.0,9250.0,158.0,9092.0,308.0,49.0,41.0,9.0,3.0,206.0,83.0,94048.0,42477.0,10870.0,7394.0,1541.0,1050.0,8122.0,5747.0,309.0,810.0,3376.0,18684.0,508.0,7839.0,10.0,3.0,2667.0,185.0,23.0,120.0,42.0,1014.0,7.0,417.0,620.0,1.0,844.0
18-30 años,Femenino,2019,27710.0,49.0,16.0,9474.0,17791.0,396.0,13346.0,2342.0,11004.0,3181.0,566.0,465.0,19.0,8.0,2123.0,694.0,91481.0,53701.0,6042.0,3615.0,1308.0,662.0,4322.0,2738.0,185.0,814.0,962.0,19401.0,601.0,5059.0,13.0,6.0,1975.0,94.0,11.0,51.0,32.0,966.0,5.0,4836.0,95.0,2.0,657.0
31-40 años,Masculino,2019,14914.0,162.0,34.0,12435.0,2008.0,309.0,11012.0,150.0,10862.0,120.0,16.0,12.0,3.0,2.0,87.0,185.0,99872.0,35083.0,18768.0,10857.0,3421.0,2791.0,4122.0,2670.0,233.0,745.0,4132.0,21413.0,642.0,13314.0,24.0,3.0,3013.0,180.0,21.0,107.0,52.0,1367.0,8.0,585.0,1623.0,2.0,706.0
31-40 años,Femenino,2019,24391.0,58.0,17.0,6522.0,17515.0,296.0,13851.0,2725.0,11126.0,1200.0,227.0,202.0,5.0,0.0,766.0,1787.0,75042.0,32552.0,8583.0,4031.0,2317.0,1548.0,2564.0,1461.0,157.0,669.0,1421.0,19605.0,648.0,8455.0,14.0,5.0,1843.0,86.0,16.0,40.0,30.0,1027.0,11.0,4974.0,142.0,1.0,775.0
41-64 años,Masculino,2019,24586.0,209.0,66.0,19906.0,3729.0,742.0,21561.0,458.0,21103.0,115.0,11.0,7.0,3.0,3.0,91.0,280.0,218842.0,70986.0,44091.0,20367.0,11261.0,7063.0,7062.0,4332.0,580.0,1246.0,7665.0,47883.0,1537.0,33959.0,46.0,6.0,7144.0,346.0,36.0,168.0,142.0,2556.0,27.0,1080.0,1245.0,0.0,1281.0
41-64 años,Femenino,2019,29338.0,80.0,36.0,9997.0,18694.0,567.0,20846.0,3271.0,17575.0,1181.0,235.0,190.0,4.0,7.0,745.0,1686.0,147000.0,59670.0,18212.0,5896.0,7534.0,3017.0,5248.0,3198.0,423.0,1041.0,2190.0,38668.0,1278.0,18668.0,34.0,8.0,4302.0,135.0,12.0,46.0,77.0,1678.0,9.0,5622.0,199.0,0.0,1304.0
65 y más años,Masculino,2019,4178.0,51.0,28.0,3002.0,975.0,150.0,3995.0,180.0,3815.0,18.0,0.0,1.0,1.0,2.0,14.0,16.0,53985.0,21811.0,9071.0,2209.0,5126.0,652.0,2131.0,1299.0,438.0,133.0,1329.0,10118.0,344.0,7801.0,9.0,0.0,1715.0,91.0,6.0,27.0,58.0,410.0,4.0,373.0,1699.0,3.0,210.0
65 y más años,Femenino,2019,4079.0,39.0,25.0,1467.0,2443.0,130.0,3223.0,536.0,2687.0,93.0,23.0,6.0,0.0,0.0,64.0,43.0,41387.0,23060.0,4170.0,542.0,3159.0,195.0,2653.0,1851.0,531.0,73.0,231.0,6560.0,215.0,3575.0,6.0,0.0,1132.0,39.0,2.0,5.0,32.0,279.0,0.0,865.0,65.0,0.0,155.0
0-13 años,Masculino,2018,2687.0,8.0,6.0,1584.0,985.0,110.0,901.0,155.0,746.0,613.0,44.0,16.0,54.0,24.0,475.0,615.0,893.0,406.0,30.0,6.0,12.0,7.0,367.0,265.0,11.0,10.0,11.0,33.0,0.0,19.0,0.0,0.0,27.0,15.0,0.0,8.0,7.0,13.0,1.0,49.0,58.0,0.0,55.0
0-13 años,Femenino,2018,1852.0,11.0,10.0,861.0,897.0,83.0,1064.0,134.0,930.0,1896.0,163.0,58.0,80.0,30.0,1565.0,490.0,519.0,354.0,11.0,2.0,5.0,1.0,100.0,67.0,7.0,0.0,3.0,17.0,1.0,13.0,0.0,0.0,21.0,10.0,2.0,7.0,1.0,32.0,6.0,73.0,1.0,0.0,68.0
14-17 años,Masculino,2018,4376.0,11.0,2.0,3678.0,588.0,99.0,1391.0,61.0,1330.0,453.0,32.0,22.0,59.0,20.0,320.0,121.0,5179.0,2734.0,95.0,16.0,24.0,6.0,1952.0,1404.0,38.0,47.0,61.0,153.0,7.0,45.0,0.0,0.0,139.0,28.0,6.0,19.0,3.0,30.0,2.0,60.0,19.0,0.0,132.0
14-17 años,Femenino,2018,4449.0,4.0,1.0,2333.0,2018.0,94.0,2235.0,259.0,1976.0,2414.0,296.0,236.0,98.0,25.0,1759.0,187.0,4337.0,3384.0,52.0,10.0,20.0,3.0,613.0,417.0,20.0,22.0,11.0,106.0,4.0,33.0,0.0,0.0,138.0,7.0,1.0,3.0,3.0,47.0,8.0,429.0,9.0,0.0,113.0
18-30 años,Masculino,2018,20100.0,173.0,31.0,17697.0,1799.0,431.0,8899.0,143.0,8756.0,282.0,48.0,37.0,4.0,2.0,191.0,81.0,91491.0,42335.0,11324.0,7649.0,1720.0,1055.0,7192.0,5128.0,301.0,655.0,3381.0,16669.0,480.0,7896.0,5.0,3.0,2686.0,179.0,21.0,119.0,39.0,903.0,2.0,411.0,737.0,0.0,893.0
18-30 años,Femenino,2018,26309.0,44.0,11.0,9144.0,16772.0,349.0,12380.0,2187.0,10193.0,2866.0,550.0,453.0,11.0,6.0,1846.0,765.0,91874.0,55626.0,6180.0,3588.0,1487.0,696.0,4394.0,2684.0,182.0,871.0,1202.0,17449.0,542.0,5208.0,11.0,5.0,1799.0,93.0,4.0,55.0,34.0,912.0,11.0,4319.0,72.0,0.0,731.0
31-40 años,Masculino,2018,14396.0,156.0,29.0,12260.0,1690.0,290.0,11082.0,150.0,10932.0,94.0,18.0,10.0,0.0,0.0,66.0,214.0,101921.0,36762.0,19532.0,11295.0,3861.0,2676.0,3899.0,2482.0,223.0,714.0,4514.0,20017.0,623.0,14079.0,8.0,3.0,3107.0,211.0,20.0,122.0,69.0,1188.0,3.0,531.0,1809.0,0.0,702.0
31-40 años,Femenino,2018,23169.0,47.0,13.0,6489.0,16305.0,328.0,13339.0,2519.0,10820.0,1064.0,230.0,178.0,0.0,1.0,655.0,1827.0,75277.0,33994.0,9048.0,4172.0,2678.0,1515.0,2616.0,1463.0,161.0,702.0,1561.0,17735.0,566.0,8443.0,10.0,1.0,1869.0,87.0,4.0,44.0,39.0,837.0,9.0,4423.0,153.0,0.0,789.0
41-64 años,Masculino,2018,22740.0,193.0,56.0,18760.0,3219.0,568.0,20631.0,405.0,20226.0,77.0,10.0,10.0,0.0,0.0,57.0,286.0,209399.0,71985.0,43922.0,19478.0,12178.0,6743.0,6386.0,3850.0,558.0,1126.0,7769.0,39545.0,1257.0,33027.0,47.0,4.0,6714.0,355.0,23.0,135.0,197.0,2113.0,22.0,1035.0,1266.0,1.0,1253.0
41-64 años,Femenino,2018,27798.0,92.0,36.0,9619.0,17554.0,533.0,19508.0,2966.0,16542.0,1021.0,197.0,174.0,0.0,0.0,650.0,1688.0,141066.0,59775.0,18935.0,5944.0,8174.0,3006.0,5461.0,3463.0,405.0,992.0,2255.0,31966.0,1074.0,18528.0,16.0,6.0,4124.0,175.0,11.0,59.0,105.0,1351.0,18.0,5105.0,219.0,2.0,1307.0
65 y más años,Masculino,2018,3818.0,48.0,19.0,2804.0,848.0,118.0,3699.0,179.0,3520.0,11.0,2.0,0.0,1.0,1.0,7.0,14.0,52690.0,22227.0,9528.0,2207.0,5568.0,612.0,2020.0,1193.0,474.0,121.0,1715.0,7745.0,264.0,7865.0,31.0,5.0,1554.0,126.0,5.0,33.0,88.0,395.0,2.0,363.0,1556.0,0.0,184.0
65 y más años,Femenino,2018,3878.0,38.0,22.0,1455.0,2280.0,105.0,2860.0,483.0,2377.0,78.0,21.0,7.0,0.0,0.0,50.0,33.0,39620.0,22605.0,4221.0,468.0,3290.0,196.0,2766.0,1895.0,568.0,87.0,227.0,5230.0,135.0,3540.0,8.0,2.0,1021.0,56.0,1.0,11.0,44.0,262.0,4.0,704.0,49.0,0.0,124.0
0-13 años,Masculino,2017,2860.0,14.0,8.0,1821.0,937.0,88.0,881.0,152.0,729.0,546.0,36.0,10.0,51.0,10.0,439.0,473.0,1186.0,485.0,48.0,24.0,9.0,8.0,538.0,390.0,9.0,9.0,3.0,34.0,0.0,42.0,0.0,0.0,36.0,19.0,3.0,10.0,6.0,11.0,0.0,33.0,89.0,0.0,52.0
0-13 años,Femenino,2017,1886.0,10.0,5.0,978.0,847.0,51.0,1028.0,120.0,908.0,1654.0,153.0,64.0,81.0,20.0,1336.0,429.0,627.0,410.0,12.0,4.0,2.0,4.0,141.0,87.0,9.0,9.0,1.0,19.0,1.0,18.0,0.0,0.0,26.0,12.0,2.0,7.0,3.0,35.0,3.0,72.0,3.0,0.0,80.0
14-17 años,Masculino,2017,4359.0,7.0,0.0,3752.0,532.0,68.0,1582.0,81.0,1501.0,444.0,11.0,13.0,102.0,22.0,296.0,114.0,5661.0,2893.0,62.0,16.0,11.0,10.0,2328.0,1688.0,50.0,49.0,57.0,143.0,0.0,51.0,0.0,0.0,127.0,32.0,10.0,17.0,5.0,35.0,1.0,78.0,42.0,0.0,146.0
14-17 años,Femenino,2017,4484.0,7.0,1.0,2484.0,1924.0,69.0,2326.0,282.0,2044.0,1896.0,243.0,166.0,198.0,25.0,1264.0,147.0,4468.0,3445.0,31.0,4.0,12.0,7.0,726.0,493.0,18.0,24.0,15.0,97.0,3.0,34.0,0.0,0.0,120.0,27.0,9.0,9.0,9.0,62.0,8.0,358.0,5.0,0.0,168.0
18-30 años,Masculino,2017,19812.0,195.0,37.0,17658.0,1673.0,286.0,8911.0,148.0,8763.0,210.0,39.0,26.0,13.0,12.0,120.0,100.0,90324.0,42498.0,12448.0,8519.0,1883.0,1129.0,7548.0,5368.0,277.0,728.0,4314.0,13858.0,456.0,7640.0,11.0,3.0,2004.0,152.0,25.0,90.0,37.0,789.0,9.0,405.0,518.0,0.0,868.0
18-30 años,Femenino,2017,25871.0,33.0,11.0,9453.0,16101.0,284.0,12343.0,2247.0,10096.0,2431.0,499.0,378.0,37.0,4.0,1513.0,901.0,91387.0,58923.0,6864.0,4091.0,1569.0,733.0,4799.0,3104.0,202.0,827.0,1497.0,12512.0,401.0,5098.0,4.0,3.0,1687.0,81.0,10.0,46.0,25.0,821.0,14.0,4114.0,57.0,0.0,781.0
31-40 años,Masculino,2017,14604.0,179.0,29.0,12550.0,1675.0,200.0,11304.0,133.0,11171.0,103.0,13.0,10.0,7.0,24.0,49.0,249.0,102649.0,38822.0,20707.0,11899.0,4201.0,2859.0,4162.0,2759.0,243.0,720.0,5002.0,16824.0,578.0,14477.0,17.0,0.0,2638.0,194.0,30.0,109.0,55.0,1076.0,10.0,536.0,1862.0,0.0,736.0
31-40 años,Femenino,2017,23284.0,40.0,20.0,6871.0,16134.0,239.0,13341.0,2579.0,10762.0,975.0,185.0,147.0,9.0,14.0,620.0,2077.0,74676.0,36775.0,9601.0,4543.0,2822.0,1564.0,3006.0,1751.0,189.0,735.0,1770.0,13250.0,448.0,8659.0,6.0,1.0,1608.0,74.0,8.0,41.0,25.0,784.0,3.0,4221.0,161.0,0.0,954.0
41-64 años,Masculino,2017,22460.0,229.0,55.0,18658.0,3183.0,390.0,20255.0,398.0,19857.0,143.0,14.0,9.0,14.0,16.0,90.0,324.0,199431.0,72246.0,44206.0,19168.0,12622.0,6897.0,6637.0,4133.0,551.0,1116.0,8947.0,28915.0,951.0,33021.0,37.0,10.0,5412.0,290.0,15.0,142.0,133.0,1995.0,23.0,1054.0,1222.0,1.0,1403.0
41-64 años,Femenino,2017,27134.0,78.0,24.0,9663.0,17055.0,338.0,18769.0,3005.0,15764.0,925.0,210.0,137.0,16.0,19.0,543.0,1739.0,133537.0,63029.0,19025.0,6068.0,8176.0,2996.0,6212.0,3985.0,461.0,1086.0,2515.0,21129.0,673.0,18083.0,22.0,6.0,3516.0,147.0,8.0,67.0,72.0,1234.0,21.0,4686.0,161.0,2.0,1371.0
65 y más años,Masculino,2017,3892.0,46.0,23.0,2878.0,903.0,65.0,3812.0,151.0,3661.0,18.0,3.0,0.0,3.0,2.0,10.0,26.0,50806.0,23041.0,9689.0,2206.0,5530.0,755.0,2141.0,1330.0,476.0,121.0,1437.0,5636.0,173.0,7575.0,10.0,1.0,1276.0,64.0,3.0,29.0,32.0,347.0,4.0,344.0,1911.0,0.0,240.0
65 y más años,Femenino,2017,3960.0,34.0,23.0,1538.0,2326.0,62.0,2942.0,477.0,2465.0,93.0,20.0,14.0,0.0,0.0,59.0,45.0,41426.0,25296.0,4213.0,527.0,3216.0,174.0,3387.0,2364.0,683.0,97.0,199.0,4021.0,124.0,3358.0,2.0,4.0,946.0,29.0,2.0,4.0,23.0,228.0,1.0,683.0,45.0,0.0,187.0
0-13 años,Masculino,2016,2738.0,16.0,6.0,1772.0,900.0,50.0,871.0,140.0,731.0,564.0,54.0,20.0,72.0,12.0,406.0,383.0,1297.0,529.0,46.0,16.0,15.0,5.0,620.0,467.0,19.0,8.0,10.0,32.0,1.0,40.0,1.0,0.0,19.0,7.0,2.0,4.0,1.0,9.0,0.0,34.0,84.0,0.0,44.0
0-13 años,Femenino,2016,1689.0,9.0,6.0,838.0,814.0,28.0,859.0,130.0,729.0,1646.0,124.0,60.0,99.0,17.0,1346.0,357.0,637.0,430.0,21.0,7.0,8.0,2.0,127.0,95.0,6.0,4.0,3.0,12.0,0.0,20.0,0.0,0.0,24.0,8.0,0.0,2.0,6.0,21.0,2.0,54.0,1.0,0.0,77.0
14-17 años,Masculino,2016,4292.0,13.0,2.0,3720.0,503.0,56.0,1397.0,74.0,1323.0,462.0,25.0,18.0,108.0,8.0,303.0,104.0,6021.0,3032.0,82.0,17.0,15.0,12.0,2527.0,1882.0,65.0,62.0,63.0,144.0,4.0,53.0,0.0,0.0,120.0,23.0,9.0,8.0,6.0,41.0,0.0,57.0,60.0,0.0,83.0
14-17 años,Femenino,2016,4250.0,5.0,1.0,2356.0,1844.0,45.0,1919.0,241.0,1678.0,1716.0,258.0,175.0,127.0,27.0,1129.0,125.0,4886.0,3751.0,42.0,15.0,11.0,2.0,856.0,607.0,20.0,42.0,9.0,101.0,1.0,20.0,0.0,0.0,107.0,21.0,4.0,4.0,13.0,75.0,18.0,364.0,3.0,0.0,177.0
18-30 años,Masculino,2016,20050.0,188.0,16.0,17944.0,1661.0,257.0,9470.0,122.0,9348.0,196.0,26.0,33.0,4.0,5.0,128.0,115.0,88187.0,42773.0,12632.0,8497.0,1955.0,1270.0,7441.0,5239.0,294.0,718.0,3946.0,11508.0,355.0,7841.0,9.0,1.0,2036.0,168.0,37.0,101.0,30.0,819.0,7.0,356.0,480.0,1.0,879.0
18-30 años,Femenino,2016,24814.0,44.0,14.0,9115.0,15457.0,198.0,12657.0,2196.0,10461.0,1956.0,460.0,294.0,15.0,9.0,1178.0,987.0,91397.0,61597.0,6877.0,4058.0,1588.0,772.0,5173.0,3331.0,214.0,825.0,1425.0,9756.0,317.0,4957.0,2.0,4.0,1606.0,72.0,8.0,42.0,22.0,795.0,39.0,3684.0,62.0,0.0,910.0
31-40 años,Masculino,2016,14602.0,160.0,29.0,12688.0,1570.0,184.0,11283.0,110.0,11173.0,104.0,11.0,11.0,5.0,6.0,71.0,254.0,102694.0,38960.0,22008.0,12327.0,4773.0,2991.0,4169.0,2687.0,246.0,741.0,5002.0,14680.0,492.0,15165.0,20.0,0.0,2690.0,176.0,20.0,105.0,51.0,1038.0,12.0,469.0,1761.0,1.0,866.0
31-40 años,Femenino,2016,22760.0,45.0,18.0,6901.0,15623.0,191.0,13210.0,2619.0,10591.0,965.0,219.0,170.0,10.0,4.0,562.0,2104.0,74097.0,37721.0,9951.0,4531.0,3129.0,1641.0,3248.0,1961.0,200.0,725.0,1742.0,10797.0,406.0,9015.0,11.0,2.0,1610.0,83.0,2.0,54.0,27.0,742.0,5.0,4258.0,145.0,0.0,1080.0
41-64 años,Masculino,2016,21361.0,240.0,70.0,17935.0,2877.0,309.0,19857.0,377.0,19480.0,120.0,15.0,16.0,9.0,9.0,71.0,330.0,193732.0,70622.0,44705.0,18718.0,13143.0,7264.0,6693.0,4194.0,554.0,1058.0,8471.0,25562.0,962.0,32506.0,53.0,6.0,5114.0,285.0,29.0,129.0,127.0,1896.0,23.0,857.0,1070.0,1.0,1433.0
41-64 años,Femenino,2016,25162.0,75.0,35.0,9108.0,15709.0,270.0,17956.0,3008.0,14948.0,838.0,188.0,126.0,9.0,10.0,505.0,1773.0,126951.0,61751.0,18865.0,5884.0,8388.0,2940.0,6423.0,4214.0,447.0,1005.0,2408.0,16942.0,630.0,17356.0,14.0,4.0,3188.0,100.0,6.0,54.0,40.0,1166.0,11.0,4319.0,150.0,0.0,1457.0
65 y más años,Masculino,2016,3500.0,40.0,19.0,2603.0,801.0,56.0,3576.0,171.0,3405.0,13.0,2.0,0.0,2.0,1.0,8.0,14.0,49098.0,22002.0,9854.0,2202.0,5697.0,759.0,2357.0,1499.0,488.0,107.0,1396.0,4673.0,162.0,7614.0,13.0,1.0,1188.0,67.0,13.0,24.0,30.0,345.0,6.0,348.0,1804.0,0.0,259.0
65 y más años,Femenino,2016,3655.0,36.0,17.0,1406.0,2154.0,59.0,2760.0,464.0,2296.0,65.0,12.0,4.0,4.0,1.0,44.0,48.0,40722.0,24823.0,4244.0,508.0,3275.0,174.0,3722.0,2614.0,746.0,88.0,240.0,3666.0,121.0,3217.0,1.0,2.0,807.0,32.0,1.0,13.0,18.0,196.0,0.0,598.0,60.0,0.0,201.0
0-13 años,Masculino,2015,3122.0,15.0,7.0,1626.0,822.0,659.0,531.0,156.0,375.0,503.0,52.0,21.0,49.0,16.0,365.0,410.0,1154.0,472.0,42.0,18.0,11.0,6.0,518.0,363.0,22.0,8.0,8.0,35.0,1.0,43.0,0.0,0.0,36.0,16.0,6.0,7.0,3.0,11.0,0.0,33.0,73.0,0.0,43.0
0-13 años,Femenino,2015,2191.0,13.0,5.0,822.0,744.0,612.0,575.0,115.0,460.0,1563.0,136.0,65.0,131.0,33.0,1198.0,332.0,688.0,445.0,18.0,8.0,6.0,2.0,170.0,122.0,10.0,7.0,2.0,18.0,0.0,17.0,0.0,0.0,18.0,11.0,0.0,6.0,5.0,19.0,4.0,54.0,1.0,0.0,52.0
14-17 años,Masculino,2015,4500.0,15.0,5.0,3380.0,473.0,632.0,818.0,67.0,751.0,348.0,26.0,23.0,67.0,40.0,192.0,82.0,5224.0,2606.0,80.0,18.0,15.0,4.0,2188.0,1652.0,44.0,50.0,62.0,135.0,0.0,49.0,1.0,0.0,103.0,24.0,9.0,8.0,7.0,36.0,0.0,54.0,88.0,0.0,47.0
14-17 años,Femenino,2015,4867.0,6.0,2.0,2152.0,1725.0,984.0,1320.0,275.0,1045.0,1505.0,177.0,182.0,156.0,37.0,953.0,128.0,4950.0,3828.0,39.0,13.0,12.0,2.0,873.0,614.0,32.0,38.0,7.0,78.0,2.0,18.0,0.0,0.0,107.0,13.0,3.0,2.0,8.0,60.0,5.0,339.0,5.0,0.0,103.0
18-30 años,Masculino,2015,25177.0,146.0,25.0,18723.0,1573.0,4735.0,5675.0,152.0,5523.0,160.0,39.0,16.0,8.0,6.0,91.0,157.0,86345.0,42175.0,12770.0,8562.0,2032.0,1159.0,7435.0,5315.0,306.0,643.0,4026.0,10097.0,381.0,7957.0,8.0,0.0,1877.0,171.0,38.0,97.0,36.0,838.0,8.0,375.0,550.0,0.0,700.0
18-30 años,Femenino,2015,30061.0,32.0,11.0,9365.0,15043.0,5621.0,8248.0,2220.0,6028.0,1881.0,494.0,287.0,18.0,3.0,1079.0,1184.0,89188.0,60245.0,6946.0,4095.0,1598.0,749.0,5215.0,3434.0,180.0,871.0,1466.0,8553.0,363.0,5023.0,6.0,1.0,1733.0,74.0,9.0,42.0,23.0,883.0,4.0,3543.0,96.0,1.0,652.0
31-40 años,Masculino,2015,22532.0,144.0,28.0,13191.0,1427.0,7770.0,6848.0,139.0,6709.0,98.0,7.0,8.0,7.0,5.0,71.0,466.0,104727.0,40594.0,22310.0,12207.0,4971.0,2909.0,4338.0,2810.0,260.0,710.0,5085.0,13993.0,564.0,15545.0,28.0,5.0,2829.0,181.0,25.0,98.0,58.0,1082.0,9.0,481.0,1895.0,0.0,582.0
31-40 años,Femenino,2015,29784.0,52.0,18.0,6943.0,15295.0,7494.0,9050.0,2557.0,6493.0,941.0,215.0,144.0,12.0,5.0,565.0,2544.0,74173.0,37882.0,10053.0,4620.0,3105.0,1547.0,3412.0,2012.0,186.0,837.0,1802.0,10124.0,456.0,9057.0,11.0,2.0,1830.0,92.0,13.0,41.0,38.0,770.0,2.0,3987.0,160.0,0.0,776.0
41-64 años,Masculino,2015,32557.0,178.0,60.0,17622.0,2755.0,12002.0,11123.0,435.0,10688.0,141.0,15.0,14.0,11.0,20.0,81.0,493.0,186902.0,69637.0,42689.0,16928.0,12640.0,6585.0,6748.0,4259.0,629.0,991.0,8286.0,22660.0,1019.0,31383.0,53.0,9.0,5437.0,285.0,33.0,102.0,150.0,1937.0,35.0,859.0,1009.0,1.0,1043.0
41-64 años,Femenino,2015,33471.0,79.0,34.0,8769.0,15468.0,9155.0,11697.0,3022.0,8675.0,821.0,180.0,136.0,20.0,11.0,474.0,1895.0,120933.0,59945.0,17166.0,5225.0,7633.0,2534.0,6589.0,4299.0,534.0,1007.0,2514.0,15309.0,709.0,16064.0,10.0,4.0,3332.0,113.0,8.0,47.0,58.0,1179.0,9.0,4198.0,156.0,0.0,956.0
65 y más años,Masculino,2015,5417.0,43.0,30.0,2627.0,825.0,1922.0,2176.0,181.0,1995.0,16.0,0.0,0.0,3.0,3.0,10.0,22.0,46317.0,20212.0,9282.0,2026.0,5204.0,688.0,2495.0,1514.0,618.0,107.0,1332.0,4431.0,184.0,7366.0,16.0,1.0,1182.0,86.0,3.0,43.0,40.0,324.0,2.0,312.0,1548.0,5.0,187.0
65 y más años,Femenino,2015,4837.0,42.0,23.0,1420.0,2147.0,1228.0,1805.0,531.0,1274.0,56.0,16.0,10.0,1.0,4.0,25.0,47.0,39363.0,23999.0,3734.0,426.0,2838.0,179.0,3971.0,2710.0,911.0,83.0,215.0,3555.0,113.0,3032.0,6.0,0.0,851.0,41.0,0.0,15.0,26.0,219.0,0.0,588.0,67.0,0.0,140.0
0-13 años,Masculino,2014,3586.0,15.0,11.0,1649.0,699.0,1223.0,304.0,125.0,179.0,492.0,34.0,16.0,68.0,16.0,358.0,416.0,1279.0,530.0,82.0,23.0,20.0,15.0,531.0,434.0,18.0,5.0,12.0,33.0,2.0,61.0,1.0,0.0,29.0,20.0,4.0,11.0,5.0,11.0,0.0,32.0,132.0,0.0,39.0
0-13 años,Femenino,2014,2732.0,12.0,10.0,877.0,627.0,1216.0,326.0,113.0,213.0,1476.0,124.0,61.0,115.0,38.0,1138.0,381.0,676.0,453.0,20.0,3.0,11.0,4.0,153.0,116.0,8.0,4.0,3.0,12.0,0.0,24.0,0.0,0.0,11.0,14.0,0.0,6.0,8.0,13.0,1.0,62.0,3.0,0.0,46.0
14-17 años,Masculino,2014,5073.0,18.0,2.0,3460.0,455.0,1140.0,449.0,81.0,368.0,335.0,29.0,13.0,86.0,11.0,196.0,113.0,5584.0,2710.0,103.0,29.0,26.0,10.0,2391.0,1851.0,73.0,42.0,83.0,84.0,2.0,78.0,2.0,0.0,133.0,29.0,8.0,10.0,11.0,21.0,0.0,35.0,81.0,0.0,27.0
14-17 años,Femenino,2014,5459.0,2.0,0.0,2177.0,1567.0,1713.0,782.0,299.0,483.0,1428.0,196.0,156.0,130.0,47.0,899.0,152.0,4793.0,3644.0,47.0,10.0,16.0,4.0,918.0,689.0,28.0,44.0,17.0,57.0,1.0,25.0,0.0,0.0,85.0,9.0,1.0,6.0,2.0,59.0,3.0,294.0,3.0,0.0,32.0
18-30 años,Masculino,2014,31238.0,144.0,24.0,20182.0,1511.0,9401.0,2435.0,161.0,2274.0,193.0,34.0,27.0,21.0,9.0,102.0,145.0,91351.0,44672.0,14851.0,9830.0,2431.0,1405.0,8463.0,6221.0,380.0,731.0,4098.0,8921.0,398.0,8661.0,20.0,2.0,1663.0,195.0,37.0,100.0,58.0,848.0,3.0,467.0,882.0,0.0,620.0
18-30 años,Femenino,2014,36161.0,46.0,14.0,9852.0,14972.0,11291.0,5516.0,2493.0,3023.0,1999.0,536.0,300.0,12.0,9.0,1142.0,1392.0,90084.0,60994.0,7823.0,4482.0,1886.0,909.0,5734.0,3859.0,237.0,929.0,1535.0,7201.0,368.0,5239.0,2.0,1.0,1555.0,81.0,8.0,48.0,25.0,816.0,6.0,3586.0,113.0,0.0,382.0
31-40 años,Masculino,2014,31021.0,172.0,33.0,13932.0,1450.0,15467.0,2607.0,141.0,2466.0,111.0,12.0,11.0,6.0,8.0,74.0,518.0,112316.0,44546.0,25770.0,13174.0,6272.0,3554.0,4923.0,3210.0,311.0,809.0,5135.0,12925.0,652.0,16297.0,37.0,3.0,2680.0,211.0,47.0,98.0,66.0,1171.0,6.0,566.0,2306.0,0.0,549.0
31-40 años,Femenino,2014,37064.0,51.0,17.0,7167.0,15405.0,14441.0,5690.0,2677.0,3013.0,1091.0,237.0,159.0,9.0,13.0,673.0,2779.0,76843.0,39669.0,11321.0,4886.0,3771.0,1818.0,3845.0,2357.0,209.0,873.0,1840.0,8852.0,473.0,9491.0,13.0,0.0,1812.0,85.0,9.0,38.0,38.0,839.0,5.0,3876.0,221.0,0.0,385.0
41-64 años,Masculino,2014,43785.0,204.0,60.0,17884.0,2726.0,22971.0,3517.0,417.0,3100.0,154.0,17.0,11.0,14.0,22.0,90.0,489.0,192531.0,71828.0,47506.0,17239.0,15209.0,7557.0,7012.0,4474.0,620.0,1099.0,8410.0,19725.0,1071.0,32235.0,74.0,3.0,5738.0,357.0,32.0,119.0,206.0,1745.0,14.0,965.0,1139.0,1.0,674.0
41-64 años,Femenino,2014,40981.0,80.0,30.0,8616.0,14893.0,17392.0,6316.0,3115.0,3201.0,837.0,209.0,127.0,15.0,9.0,477.0,2029.0,119216.0,59152.0,18988.0,5516.0,8816.0,2806.0,6914.0,4610.0,577.0,1042.0,2325.0,12650.0,674.0,16105.0,16.0,0.0,3066.0,113.0,7.0,46.0,60.0,1171.0,10.0,4355.0,164.0,1.0,411.0
65 y más años,Masculino,2014,7148.0,34.0,23.0,2553.0,807.0,3754.0,685.0,198.0,487.0,15.0,1.0,0.0,3.0,1.0,10.0,20.0,46586.0,20210.0,10247.0,2017.0,5821.0,813.0,2255.0,1321.0,636.0,91.0,1418.0,3990.0,197.0,7241.0,21.0,0.0,1204.0,77.0,6.0,26.0,45.0,338.0,7.0,288.0,875.0,1.0,94.0
65 y más años,Femenino,2014,5893.0,40.0,25.0,1314.0,2011.0,2528.0,981.0,545.0,436.0,49.0,17.0,7.0,1.0,0.0,24.0,45.0,38789.0,22959.0,4096.0,415.0,3196.0,187.0,4331.0,2832.0,1163.0,75.0,220.0,3377.0,135.0,3010.0,9.0,0.0,787.0,21.0,0.0,3.0,18.0,197.0,0.0,606.0,53.0,0.0,46.0
0-13 años,Masculino,2013,3476.0,9.0,7.0,1681.0,621.0,1165.0,300.0,131.0,169.0,491.0,54.0,17.0,55.0,4.0,361.0,422.0,1745.0,691.0,81.0,29.0,27.0,9.0,814.0,615.0,30.0,11.0,10.0,50.0,1.0,63.0,1.0,0.0,35.0,19.0,6.0,10.0,3.0,14.0,3.0,32.0,173.0,0.0,27.0
0-13 años,Femenino,2013,2527.0,8.0,6.0,863.0,556.0,1100.0,313.0,120.0,193.0,1397.0,142.0,69.0,79.0,35.0,1072.0,323.0,945.0,582.0,37.0,9.0,17.0,6.0,268.0,192.0,12.0,8.0,4.0,14.0,1.0,23.0,0.0,0.0,17.0,8.0,0.0,5.0,3.0,26.0,0.0,56.0,8.0,0.0,28.0
14-17 años,Masculino,2013,5188.0,17.0,4.0,3639.0,420.0,1112.0,381.0,67.0,314.0,262.0,22.0,21.0,66.0,9.0,144.0,108.0,6650.0,2996.0,87.0,12.0,25.0,12.0,3248.0,2549.0,87.0,61.0,90.0,85.0,3.0,44.0,0.0,0.0,100.0,25.0,6.0,10.0,9.0,29.0,3.0,78.0,25.0,0.0,44.0
14-17 años,Femenino,2013,5329.0,5.0,0.0,2345.0,1464.0,1515.0,708.0,250.0,458.0,1214.0,200.0,161.0,112.0,44.0,697.0,113.0,5541.0,4215.0,54.0,17.0,8.0,9.0,1127.0,848.0,22.0,47.0,15.0,40.0,2.0,21.0,0.0,0.0,69.0,17.0,3.0,4.0,10.0,46.0,3.0,319.0,7.0,0.0,44.0
18-30 años,Masculino,2013,32567.0,153.0,12.0,21482.0,1514.0,9418.0,2409.0,175.0,2234.0,194.0,40.0,25.0,13.0,15.0,101.0,170.0,100253.0,48525.0,17604.0,11708.0,2973.0,1501.0,10463.0,7709.0,433.0,887.0,4821.0,7837.0,327.0,9616.0,19.0,1.0,1367.0,208.0,42.0,117.0,49.0,814.0,6.0,785.0,977.0,0.0,699.0
18-30 años,Femenino,2013,36740.0,38.0,15.0,10739.0,14845.0,11118.0,5720.0,2757.0,2963.0,2049.0,589.0,345.0,17.0,14.0,1084.0,1314.0,97832.0,66740.0,9107.0,5438.0,2104.0,910.0,7057.0,4793.0,341.0,1136.0,1856.0,6157.0,348.0,5763.0,8.0,1.0,1143.0,99.0,9.0,59.0,31.0,739.0,8.0,3671.0,165.0,1.0,347.0
31-40 años,Masculino,2013,30789.0,147.0,36.0,14181.0,1477.0,14984.0,2500.0,188.0,2312.0,117.0,20.0,13.0,6.0,11.0,67.0,488.0,118447.0,47212.0,28438.0,14431.0,7155.0,3689.0,6076.0,4094.0,321.0,967.0,6099.0,11491.0,542.0,16836.0,43.0,1.0,2251.0,283.0,40.0,153.0,90.0,1069.0,6.0,767.0,2235.0,1.0,550.0
31-40 años,Femenino,2013,35725.0,48.0,21.0,7119.0,14765.0,13793.0,6184.0,3123.0,3061.0,1061.0,261.0,191.0,12.0,9.0,588.0,2690.0,80916.0,42873.0,12265.0,5619.0,3932.0,1749.0,4624.0,2757.0,287.0,1146.0,2181.0,7590.0,406.0,9619.0,9.0,1.0,1754.0,75.0,8.0,38.0,29.0,784.0,7.0,3959.0,212.0,0.0,298.0
41-64 años,Masculino,2013,42674.0,166.0,53.0,17718.0,2642.0,22148.0,3549.0,474.0,3075.0,142.0,12.0,12.0,12.0,27.0,79.0,432.0,193558.0,73028.0,50163.0,17908.0,16103.0,7680.0,8079.0,5041.0,675.0,1357.0,8876.0,17012.0,827.0,31762.0,108.0,5.0,4525.0,336.0,30.0,153.0,153.0,1639.0,19.0,1129.0,1224.0,0.0,624.0
41-64 años,Femenino,2013,38562.0,67.0,29.0,8495.0,13872.0,16128.0,6449.0,3246.0,3203.0,742.0,173.0,135.0,12.0,8.0,414.0,1980.0,119265.0,60958.0,19210.0,5842.0,8721.0,2750.0,8239.0,5544.0,680.0,1234.0,2486.0,10299.0,568.0,15623.0,23.0,2.0,2425.0,113.0,7.0,50.0,56.0,950.0,7.0,4157.0,187.0,0.0,390.0
65 y más años,Masculino,2013,6859.0,51.0,34.0,2512.0,780.0,3516.0,722.0,203.0,519.0,8.0,1.0,0.0,0.0,1.0,6.0,21.0,44754.0,19327.0,10428.0,2126.0,5730.0,796.0,2341.0,1314.0,706.0,97.0,1512.0,3421.0,167.0,6776.0,10.0,3.0,936.0,54.0,1.0,21.0,32.0,267.0,2.0,344.0,397.0,0.0,76.0
65 y más años,Femenino,2013,5442.0,39.0,25.0,1365.0,1864.0,2174.0,1045.0,581.0,464.0,47.0,7.0,9.0,1.0,3.0,27.0,52.0,38836.0,23201.0,4064.0,455.0,3064.0,199.0,5278.0,3431.0,1452.0,101.0,218.0,2685.0,111.0,2764.0,5.0,0.0,621.0,24.0,0.0,4.0,20.0,159.0,0.0,676.0,37.0,0.0,39.0
0-13 años,Masculino,2012,3374.0,19.0,10.0,1724.0,581.0,1050.0,273.0,123.0,150.0,395.0,55.0,15.0,40.0,4.0,281.0,371.0,1923.0,674.0,109.0,32.0,31.0,21.0,955.0,731.0,28.0,7.0,21.0,41.0,2.0,85.0,4.0,0.0,34.0,24.0,3.0,19.0,2.0,9.0,1.0,39.0,370.0,0.0,31.0
0-13 años,Femenino,2012,2423.0,7.0,5.0,929.0,498.0,989.0,235.0,90.0,145.0,1281.0,141.0,49.0,83.0,7.0,1001.0,345.0,960.0,549.0,40.0,18.0,15.0,3.0,303.0,231.0,13.0,14.0,4.0,21.0,2.0,23.0,0.0,0.0,20.0,11.0,2.0,7.0,2.0,30.0,0.0,53.0,7.0,0.0,15.0
14-17 años,Masculino,2012,5597.0,14.0,3.0,4137.0,381.0,1065.0,376.0,81.0,295.0,213.0,23.0,13.0,41.0,6.0,130.0,97.0,7292.0,2871.0,108.0,21.0,29.0,5.0,4000.0,3121.0,112.0,61.0,108.0,76.0,3.0,39.0,0.0,0.0,90.0,26.0,9.0,10.0,7.0,21.0,1.0,70.0,18.0,0.0,42.0
14-17 años,Femenino,2012,5534.0,2.0,0.0,2490.0,1429.0,1613.0,694.0,283.0,411.0,1301.0,268.0,171.0,93.0,15.0,754.0,146.0,5662.0,4144.0,65.0,12.0,18.0,8.0,1318.0,948.0,41.0,58.0,16.0,42.0,1.0,16.0,0.0,0.0,61.0,18.0,7.0,5.0,6.0,45.0,2.0,313.0,3.0,0.0,20.0
18-30 años,Masculino,2012,36587.0,193.0,44.0,24092.0,1616.0,10686.0,2602.0,209.0,2393.0,190.0,52.0,26.0,3.0,6.0,103.0,192.0,99527.0,45934.0,18190.0,12523.0,2857.0,1330.0,11834.0,8918.0,451.0,876.0,5101.0,7840.0,377.0,9535.0,9.0,0.0,1084.0,250.0,35.0,166.0,49.0,813.0,7.0,963.0,1174.0,1.0,736.0
18-30 años,Femenino,2012,39897.0,51.0,15.0,11705.0,15589.0,12552.0,6073.0,2896.0,3177.0,2233.0,651.0,371.0,18.0,7.0,1186.0,1295.0,92607.0,61424.0,9169.0,5563.0,2026.0,825.0,7600.0,5051.0,348.0,1270.0,1924.0,5839.0,298.0,5730.0,5.0,4.0,912.0,102.0,9.0,62.0,31.0,769.0,3.0,3814.0,196.0,0.0,339.0
31-40 años,Masculino,2012,33254.0,160.0,39.0,15445.0,1607.0,16042.0,2691.0,204.0,2487.0,134.0,21.0,11.0,7.0,13.0,82.0,517.0,110652.0,42246.0,26849.0,13814.0,6403.0,3299.0,6769.0,4630.0,366.0,983.0,5717.0,11418.0,618.0,15861.0,37.0,5.0,1750.0,333.0,45.0,212.0,76.0,997.0,13.0,903.0,2384.0,0.0,562.0
31-40 años,Femenino,2012,36370.0,34.0,9.0,7115.0,14883.0,14338.0,6114.0,3163.0,2951.0,1121.0,289.0,190.0,4.0,4.0,634.0,2618.0,73089.0,37784.0,11506.0,5415.0,3557.0,1520.0,5072.0,3124.0,280.0,1127.0,1885.0,6909.0,416.0,8835.0,15.0,1.0,1082.0,76.0,11.0,32.0,33.0,691.0,12.0,3785.0,209.0,0.0,279.0
41-64 años,Masculino,2012,43734.0,195.0,66.0,17792.0,2622.0,23125.0,3724.0,487.0,3237.0,123.0,16.0,8.0,5.0,12.0,82.0,444.0,172388.0,62322.0,45517.0,17016.0,13454.0,6848.0,8808.0,5668.0,669.0,1339.0,8529.0,15525.0,922.0,28323.0,80.0,4.0,3280.0,389.0,22.0,168.0,199.0,1453.0,35.0,1172.0,1254.0,0.0,649.0
41-64 años,Femenino,2012,38098.0,70.0,32.0,8487.0,13276.0,16265.0,6412.0,3226.0,3186.0,686.0,188.0,126.0,11.0,8.0,353.0,1947.0,107044.0,54108.0,17111.0,5528.0,7072.0,2514.0,9339.0,6377.0,721.0,1300.0,2336.0,8692.0,494.0,13646.0,11.0,0.0,1801.0,105.0,13.0,41.0,51.0,964.0,4.0,3688.0,206.0,0.0,326.0
65 y más años,Masculino,2012,6807.0,34.0,19.0,2359.0,748.0,3666.0,646.0,185.0,461.0,7.0,0.0,1.0,0.0,1.0,5.0,15.0,39846.0,17404.0,8854.0,1969.0,4443.0,698.0,2497.0,1479.0,612.0,118.0,1328.0,2931.0,163.0,6094.0,6.0,0.0,732.0,63.0,1.0,13.0,49.0,241.0,0.0,298.0,122.0,0.0,70.0
65 y más años,Femenino,2012,5555.0,36.0,25.0,1373.0,1755.0,2391.0,979.0,556.0,423.0,63.0,16.0,15.0,2.0,0.0,30.0,78.0,36812.0,21402.0,3301.0,407.0,2366.0,160.0,6717.0,4500.0,1705.0,115.0,217.0,2241.0,116.0,2446.0,1.0,0.0,487.0,24.0,1.0,12.0,11.0,160.0,0.0,553.0,25.0,0.0,31.0
0-13 años,Masculino,2011,3642.0,23.0,14.0,1975.0,551.0,1093.0,260.0,105.0,155.0,397.0,61.0,9.0,27.0,2.0,298.0,410.0,1732.0,613.0,125.0,46.0,28.0,20.0,763.0,552.0,20.0,19.0,62.0,51.0,5.0,91.0,7.0,0.0,20.0,74.0,3.0,61.0,10.0,14.0,4.0,19.0,260.0,0.0,25.0
0-13 años,Femenino,2011,2552.0,12.0,7.0,967.0,482.0,1091.0,256.0,104.0,152.0,1321.0,167.0,52.0,56.0,6.0,1040.0,316.0,720.0,382.0,45.0,16.0,13.0,3.0,222.0,143.0,13.0,8.0,17.0,23.0,4.0,17.0,0.0,0.0,14.0,6.0,1.0,1.0,4.0,10.0,0.0,39.0,16.0,0.0,17.0
14-17 años,Masculino,2011,6074.0,14.0,6.0,4437.0,412.0,1211.0,391.0,98.0,293.0,210.0,24.0,7.0,47.0,3.0,129.0,81.0,6600.0,2478.0,119.0,34.0,27.0,13.0,3704.0,2712.0,70.0,61.0,139.0,63.0,3.0,40.0,0.0,0.0,57.0,22.0,14.0,2.0,6.0,16.0,0.0,53.0,15.0,0.0,32.0
14-17 años,Femenino,2011,5867.0,3.0,1.0,2692.0,1511.0,1661.0,650.0,260.0,390.0,1245.0,241.0,173.0,112.0,6.0,713.0,116.0,5203.0,3850.0,72.0,16.0,24.0,4.0,1166.0,757.0,27.0,44.0,23.0,32.0,0.0,15.0,0.0,0.0,45.0,3.0,0.0,1.0,2.0,30.0,0.0,211.0,3.0,0.0,26.0
18-30 años,Masculino,2011,41431.0,208.0,39.0,27399.0,1791.0,12033.0,2841.0,243.0,2598.0,215.0,53.0,29.0,10.0,7.0,116.0,201.0,102501.0,45998.0,20328.0,14916.0,2525.0,1328.0,11164.0,7844.0,384.0,881.0,5908.0,7643.0,463.0,10444.0,12.0,4.0,1000.0,237.0,51.0,131.0,55.0,954.0,6.0,826.0,1308.0,0.0,694.0
18-30 años,Femenino,2011,42525.0,59.0,23.0,12320.0,16668.0,13478.0,6421.0,3073.0,3348.0,2601.0,768.0,467.0,8.0,5.0,1353.0,1172.0,90858.0,59866.0,9843.0,6298.0,1916.0,881.0,6949.0,4234.0,305.0,1181.0,2170.0,5260.0,323.0,5916.0,8.0,1.0,845.0,106.0,16.0,51.0,39.0,905.0,9.0,3055.0,193.0,0.0,477.0
31-40 años,Masculino,2011,35535.0,195.0,44.0,16481.0,1745.0,17114.0,2788.0,246.0,2542.0,135.0,22.0,11.0,15.0,15.0,72.0,423.0,109233.0,41285.0,27060.0,15687.0,4938.0,3158.0,6826.0,4216.0,338.0,1025.0,6560.0,9731.0,658.0,16154.0,35.0,7.0,1575.0,235.0,28.0,115.0,92.0,1154.0,10.0,764.0,1845.0,1.0,667.0
31-40 años,Femenino,2011,37799.0,59.0,19.0,7562.0,15435.0,14743.0,6143.0,3111.0,3032.0,1237.0,320.0,226.0,5.0,19.0,667.0,2323.0,70795.0,37301.0,11357.0,5830.0,2911.0,1575.0,4907.0,2686.0,263.0,1126.0,2109.0,5542.0,425.0,8543.0,7.0,5.0,1024.0,76.0,9.0,31.0,36.0,883.0,9.0,2860.0,177.0,0.0,314.0
41-64 años,Masculino,2011,44782.0,219.0,66.0,18075.0,2621.0,23867.0,3602.0,497.0,3105.0,128.0,16.0,13.0,14.0,22.0,63.0,366.0,160204.0,58598.0,41678.0,18345.0,9831.0,6326.0,8295.0,4909.0,588.0,1295.0,9337.0,12664.0,925.0,26870.0,120.0,6.0,2636.0,309.0,24.0,114.0,171.0,1519.0,20.0,978.0,1159.0,2.0,612.0
41-64 años,Femenino,2011,38556.0,77.0,29.0,8352.0,13502.0,16625.0,6182.0,3195.0,2987.0,833.0,259.0,161.0,6.0,11.0,396.0,1690.0,101763.0,53534.0,15554.0,5755.0,5587.0,2352.0,8778.0,5584.0,627.0,1122.0,2504.0,7043.0,522.0,12892.0,14.0,0.0,1444.0,116.0,10.0,41.0,65.0,942.0,7.0,2832.0,159.0,4.0,301.0
65 y más años,Masculino,2011,6728.0,55.0,29.0,2367.0,725.0,3581.0,675.0,228.0,447.0,6.0,1.0,0.0,0.0,1.0,4.0,16.0,35658.0,16619.0,6956.0,2007.0,3116.0,596.0,2362.0,1383.0,470.0,106.0,1321.0,2416.0,157.0,5394.0,6.0,1.0,583.0,64.0,3.0,31.0,30.0,227.0,2.0,224.0,106.0,0.0,53.0
65 y más años,Femenino,2011,5512.0,28.0,18.0,1320.0,1778.0,2386.0,954.0,541.0,413.0,52.0,21.0,9.0,0.0,0.0,22.0,44.0,34021.0,21002.0,2471.0,350.0,1651.0,190.0,5882.0,3895.0,1122.0,90.0,228.0,1839.0,101.0,2243.0,0.0,2.0,354.0,8.0,0.0,3.0,5.0,130.0,0.0,427.0,18.0,0.0,24.0
0-13 años,Masculino,2010,3239.0,13.0,8.0,1893.0,428.0,905.0,212.0,81.0,131.0,410.0,39.0,33.0,44.0,33.0,261.0,333.0,1808.0,555.0,132.0,49.0,34.0,22.0,914.0,727.0,32.0,18.0,34.0,64.0,14.0,88.0,1.0,0.0,20.0,25.0,6.0,8.0,11.0,13.0,1.0,8.0,77.0,0.0,31.0
0-13 años,Femenino,2010,2333.0,12.0,6.0,957.0,456.0,908.0,197.0,77.0,120.0,1339.0,145.0,74.0,84.0,80.0,956.0,308.0,871.0,480.0,50.0,14.0,17.0,11.0,258.0,199.0,14.0,17.0,8.0,31.0,2.0,34.0,0.0,0.0,10.0,3.0,1.0,2.0,0.0,14.0,2.0,41.0,5.0,0.0,11.0
14-17 años,Masculino,2010,6198.0,16.0,1.0,4625.0,397.0,1160.0,375.0,77.0,298.0,238.0,31.0,15.0,46.0,21.0,125.0,106.0,6900.0,2536.0,119.0,39.0,33.0,10.0,3927.0,3196.0,74.0,69.0,175.0,54.0,1.0,46.0,1.0,0.0,42.0,24.0,16.0,6.0,2.0,18.0,1.0,40.0,14.0,0.0,25.0
14-17 años,Femenino,2010,5563.0,2.0,0.0,2636.0,1363.0,1562.0,538.0,204.0,334.0,1334.0,270.0,184.0,97.0,63.0,720.0,100.0,5003.0,3713.0,67.0,18.0,20.0,2.0,1091.0,835.0,27.0,47.0,38.0,26.0,1.0,34.0,0.0,0.0,34.0,12.0,6.0,5.0,1.0,34.0,1.0,190.0,5.0,0.0,19.0
18-30 años,Masculino,2010,41436.0,243.0,38.0,26992.0,1719.0,12482.0,3092.0,241.0,2851.0,232.0,43.0,39.0,14.0,30.0,106.0,147.0,112472.0,48651.0,24775.0,18080.0,2779.0,1577.0,11187.0,8543.0,440.0,982.0,6823.0,7517.0,862.0,12541.0,18.0,7.0,953.0,213.0,54.0,106.0,53.0,829.0,3.0,466.0,2901.0,0.0,664.0
18-30 años,Femenino,2010,43335.0,78.0,19.0,12610.0,16705.0,13942.0,5964.0,2950.0,3014.0,2564.0,744.0,441.0,12.0,14.0,1353.0,1104.0,95641.0,61097.0,11701.0,7283.0,2000.0,1073.0,7244.0,4677.0,326.0,1569.0,2585.0,5256.0,639.0,6958.0,3.0,2.0,795.0,89.0,6.0,45.0,38.0,702.0,6.0,2899.0,326.0,1.0,485.0
31-40 años,Masculino,2010,34965.0,176.0,37.0,16249.0,1617.0,16923.0,2797.0,246.0,2551.0,146.0,13.0,19.0,6.0,45.0,63.0,351.0,116770.0,42402.0,30802.0,17707.0,5051.0,3880.0,7216.0,4918.0,338.0,1227.0,6838.0,10374.0,1503.0,17695.0,25.0,10.0,1408.0,202.0,32.0,91.0,79.0,947.0,7.0,539.0,2689.0,0.0,563.0
31-40 años,Femenino,2010,37531.0,54.0,20.0,7936.0,15136.0,14405.0,5432.0,2985.0,2447.0,1234.0,315.0,228.0,10.0,23.0,658.0,1998.0,73306.0,37600.0,12706.0,6268.0,2879.0,1869.0,5147.0,3047.0,259.0,1412.0,2266.0,5656.0,768.0,9035.0,15.0,5.0,876.0,85.0,11.0,30.0,44.0,610.0,7.0,2805.0,234.0,0.0,343.0
41-64 años,Masculino,2010,41836.0,200.0,71.0,16818.0,2273.0,22545.0,3466.0,511.0,2955.0,148.0,11.0,14.0,10.0,49.0,64.0,272.0,168229.0,59176.0,45218.0,20227.0,9477.0,7231.0,8640.0,5618.0,567.0,1506.0,9983.0,13798.0,2093.0,28891.0,52.0,12.0,2459.0,295.0,28.0,86.0,181.0,1124.0,15.0,780.0,968.0,0.0,563.0
41-64 años,Femenino,2010,36993.0,88.0,50.0,8140.0,12783.0,15982.0,5414.0,2954.0,2460.0,764.0,220.0,153.0,10.0,19.0,362.0,1362.0,106274.0,56276.0,16856.0,6057.0,5386.0,2762.0,8890.0,6278.0,586.0,1335.0,2581.0,7201.0,1003.0,13233.0,8.0,5.0,1224.0,81.0,5.0,25.0,51.0,666.0,8.0,2743.0,165.0,0.0,286.0
65 y más años,Masculino,2010,6295.0,35.0,18.0,2242.0,621.0,3397.0,565.0,183.0,382.0,9.0,2.0,0.0,0.0,4.0,3.0,16.0,36055.0,17039.0,6980.0,2169.0,2810.0,655.0,2024.0,1269.0,470.0,120.0,1364.0,2505.0,364.0,5630.0,1.0,1.0,511.0,34.0,0.0,7.0,27.0,175.0,1.0,140.0,59.0,0.0,57.0
65 y más años,Femenino,2010,5057.0,32.0,22.0,1190.0,1587.0,2248.0,861.0,512.0,349.0,36.0,11.0,7.0,1.0,0.0,17.0,36.0,33600.0,22388.0,2567.0,362.0,1526.0,168.0,4344.0,3308.0,692.0,110.0,210.0,1696.0,161.0,2080.0,1.0,0.0,314.0,18.0,0.0,4.0,14.0,103.0,1.0,372.0,17.0,0.0,27.0
edad,genero,año,1. CONTRA LAS PERSONAS,1.1.-Homicidios dolosos/asesinatos,1.1.1.-Homicidios dolosos/asesinatos consumados,1.2.-Lesiones,1.3.-Malos tratos ámbito familiar,1.4.-Otros contra las personas,2. CONTRA LA LIBERTAD,2.1.-Malos tratos habituales en el ámbito familiar,2.2.-Otros contra la libertad,3. LIBERTAD SEXUAL,3.1.-Agresión sexual,3.2.-Agresión sexual con penetración,3.3.-Corrupción de menores o incapacitados,3.4.-Pornografía de menores,3.5.-Otros contra la libertad e indemnidad sexual,4. RELACIONES FAMILIARES,5. PATRIMONIO,5.1.-Hurtos,5.2.-Robos con fuerza en las cosas,5.2.1.-Robos con fuerza en las cosas en el interior de vehículos,5.2.2.-Robos con fuerza en viviendas,5.2.3.-Robos con fuerza en establecimientos,5.3.-Robos con violencia o intimidación,5.3.1.-Robos con violencia en vía pública,5.3.2.-Robos con violencia en viviendas,5.3.3.-Robos con violencia en establecimientos,5.4.-Sustracción de vehículos,5.5.-Estafas,5.5.1.-Estafas bancarias,5.6.-Daños,5.7.-Contra la propiedad intelectual/industrial,5.8.-Blanqueo de capitales,5.9.-Otros contra el patrimonio,6. SEGURIDAD COLECTIVA,6.1.-Tráfico de drogas,6.2.-Contra la seguridad vial,6.3.-Otros contra la seguridad colectiva,7. FALSEDADES,8. ADMÓN. PÚBLICA,9. ADMÓN. JUSTICIA,10. ORDEN PÚBLICO,11. LEGISLACIÓN ESPECIAL,12. OTRAS INFRACCIONES PENALES
desconocida,Masculino,2019,811.0,13.0,2.0,754.0,35.0,9.0,497.0,7.0,490.0,18.0,0.0,1.0,2.0,2.0,13.0,27.0,928.0,535.0,88.0,24.0,24.0,12.0,85.0,34.0,6.0,21.0,16.0,59.0,9.0,89.0,12.0,0.0,44.0,98.0,11.0,74.0,13.0,23.0,3.0,227.0,6818.0,0.0,130.0
desconocida,Femenino,2019,,194.0,2.0,1.0,103.0,79.0,10.0,176.0,11.0,165.0,61.0,6.0,1.0,3.0,0.0,51.0,10.0,401.0,226.0,46.0,13.0,18.0,2.0,26.0,9.0,3.0,7.0,5.0,36.0,6.0,41.0,1.0,0.0,20.0,7.0,0.0,5.0,2.0,8.0,5.0,75.0,218.0,23.0
desconocida,Masculino,2018,957,18.0,2.0,863.0,44.0,32.0,608.0,5.0,603.0,17.0,2.0,1.0,0.0,0.0,14.0,13.0,1236.0,850.0,102.0,21.0,37.0,21.0,78.0,31.0,2.0,27.0,15.0,70.0,9.0,69.0,9.0,1.0,42.0,74.0,15.0,52.0,7.0,13.0,3.0,215.0,7855.0,0.0,94.0
desconocida,Femenino,2018,158.0,2.0,1.0,79.0,75.0,2.0,150.0,8.0,142.0,42.0,4.0,1.0,2.0,1.0,34.0,16.0,509.0,324.0,37.0,9.0,19.0,6.0,31.0,18.0,3.0,5.0,3.0,56.0,14.0,30.0,3.0,0.0,25.0,12.0,1.0,6.0,5.0,12.0,0.0,34.0,260.0,0.0,15.0
desconocida,Masculino,2017,850.0,7.0,2.0,782.0,44.0,17.0,538.0,2.0,536.0,27.0,2.0,0.0,6.0,1.0,18.0,18.0,1168.0,731.0,120.0,45.0,41.0,20.0,73.0,31.0,7.0,22.0,24.0,80.0,11.0,81.0,11.0,0.0,48.0,85.0,15.0,64.0,6.0,26.0,2.0,246.0,8217.0,0.0,79.0
desconocida,Femenino,2017,145.0,1.0,0.0,62.0,76.0,6.0,100.0,10.0,90.0,44.0,3.0,0.0,5.0,2.0,34.0,13.0,436.0,252.0,50.0,13.0,19.0,11.0,27.0,12.0,1.0,7.0,9.0,48.0,11.0,28.0,10.0,0.0,12.0,6.0,0.0,6.0,0.0,7.0,0.0,37.0,246.0,0.0,13.0
desconocida,Masculino,2016,254.0,11.0,0.0,179.0,51.0,13.0,546.0,4.0,542.0,35.0,2.0,0.0,13.0,5.0,15.0,32.0,857.0,491.0,92.0,19.0,36.0,17.0,58.0,26.0,3.0,20.0,26.0,80.0,9.0,71.0,12.0,1.0,26.0,117.0,20.0,94.0,3.0,19.0,2.0,294.0,7819.0,0.0,110.0
desconocida,Femenino,2016,119.0,1.0,1.0,47.0,64.0,7.0,502.0,12.0,490.0,54.0,3.0,3.0,8.0,1.0,39.0,16.0,391.0,232.0,38.0,7.0,14.0,6.0,43.0,20.0,7.0,13.0,5.0,48.0,4.0,20.0,0.0,0.0,5.0,0.0,0.0,0.0,0.0,6.0,0.0,46.0,232.0,0.0,15.0
desconocida,Masculino,2015,554.0,20.0,2.0,209.0,35.0,290.0,436.0,12.0,424.0,20.0,0.0,0.0,5.0,1.0,14.0,20.0,848.0,423.0,113.0,13.0,41.0,27.0,55.0,35.0,1.0,9.0,17.0,61.0,3.0,80.0,15.0,0.0,84.0,126.0,21.0,92.0,13.0,28.0,7.0,110.0,9550.0,0.0,82.0
desconocida,Femenino,2015,195.0,0.0,0.0,53.0,78.0,64.0,74.0,10.0,64.0,56.0,3.0,3.0,4.0,1.0,45.0,19.0,345.0,191.0,45.0,14.0,24.0,3.0,31.0,13.0,2.0,8.0,2.0,36.0,5.0,20.0,1.0,1.0,18.0,10.0,3.0,7.0,0.0,6.0,1.0,47.0,307.0,0.0,17.0
desconocida,Masculino,2014,963.0,14.0,5.0,218.0,38.0,693.0,326.0,7.0,319.0,35.0,1.0,0.0,10.0,8.0,16.0,35.0,1206.0,465.0,227.0,67.0,74.0,30.0,83.0,50.0,3.0,15.0,46.0,141.0,9.0,135.0,14.0,1.0,94.0,164.0,23.0,119.0,22.0,27.0,1.0,42.0,12540.0,0.0,69.0
desconocida,Femenino,2014,283.0,5.0,3.0,68.0,53.0,157.0,58.0,14.0,44.0,71.0,6.0,0.0,9.0,6.0,50.0,26.0,500.0,266.0,88.0,30.0,38.0,11.0,42.0,23.0,8.0,5.0,8.0,38.0,7.0,42.0,0.0,0.0,16.0,6.0,0.0,6.0,0.0,6.0,0.0,46.0,376.0,0.0,25.0
desconocida,Masculino,2013,1095.0,10.0,1.0,245.0,38.0,802.0,398.0,8.0,390.0,36.0,0.0,0.0,12.0,0.0,24.0,52.0,1588.0,606.0,292.0,89.0,84.0,44.0,134.0,80.0,8.0,20.0,53.0,208.0,9.0,167.0,13.0,5.0,110.0,160.0,23.0,115.0,22.0,30.0,8.0,53.0,13451.0,2.0,85.0
desconocida,Femenino,2013,306.0,2.0,2.0,71.0,57.0,176.0,59.0,10.0,49.0,59.0,6.0,1.0,5.0,0.0,47.0,35.0,796.0,388.0,144.0,57.0,51.0,10.0,75.0,42.0,10.0,14.0,24.0,84.0,1.0,54.0,1.0,0.0,26.0,8.0,1.0,5.0,2.0,2.0,0.0,52.0,399.0,0.0,9.0
desconocida,Masculino,2012,1398.0,22.0,6.0,383.0,61.0,932.0,404.0,17.0,387.0,28.0,1.0,0.0,8.0,0.0,19.0,92.0,1915.0,759.0,370.0,105.0,82.0,67.0,202.0,131.0,9.0,24.0,69.0,102.0,16.0,282.0,14.0,1.0,116.0,313.0,37.0,251.0,25.0,45.0,3.0,70.0,14409.0,0.0,72.0
desconocida,Femenino,2012,510.0,4.0,3.0,128.0,147.0,231.0,133.0,60.0,73.0,102.0,6.0,1.0,12.0,6.0,77.0,75.0,788.0,398.0,116.0,38.0,45.0,13.0,102.0,66.0,8.0,16.0,17.0,44.0,3.0,79.0,2.0,0.0,30.0,4.0,0.0,2.0,2.0,10.0,0.0,63.0,404.0,0.0,29.0
desconocida,Masculino,2011,1730.0,26.0,2.0,512.0,86.0,1106.0,518.0,20.0,498.0,56.0,1.0,3.0,12.0,5.0,35.0,70.0,2989.0,1104.0,616.0,235.0,112.0,101.0,310.0,198.0,20.0,40.0,147.0,194.0,14.0,435.0,57.0,2.0,124.0,427.0,101.0,300.0,26.0,57.0,6.0,96.0,14442.0,1.0,94.0
desconocida,Femenino,2011,675.0,1.0,0.0,171.0,228.0,275.0,124.0,40.0,84.0,134.0,11.0,6.0,15.0,2.0,100.0,70.0,1078.0,531.0,201.0,99.0,60.0,13.0,115.0,56.0,10.0,28.0,40.0,73.0,6.0,86.0,5.0,0.0,27.0,16.0,5.0,6.0,5.0,15.0,0.0,120.0,369.0,0.0,25.0
desconocida,Masculino,2010,2570.0,14.0,5.0,862.0,168.0,1526.0,554.0,28.0,526.0,95.0,8.0,1.0,20.0,17.0,49.0,119.0,8590.0,3579.0,1665.0,761.0,252.0,298.0,533.0,349.0,32.0,88.0,589.0,621.0,67.0,1243.0,110.0,1.0,249.0,575.0,82.0,415.0,78.0,162.0,15.0,176.0,11902.0,0.0,133.0
desconocida,Femenino,2010,1209.0,2.0,1.0,311.0,392.0,504.0,170.0,52.0,118.0,203.0,24.0,3.0,17.0,14.0,145.0,95.0,3036.0,1646.0,476.0,243.0,111.0,52.0,246.0,144.0,18.0,57.0,118.0,182.0,32.0,294.0,18.0,1.0,55.0,22.0,0.0,15.0,7.0,54.0,0.0,187.0,301.0,0.0,81.0
Edad desconocida,Se desconoce,2019,47.0,1.0,0.0,36.0,9.0,1.0,49.0,0.0,49.0,6.0,1.0,0.0,3.0,1.0,1.0,0.0,280.0,114.0,57.0,3.0,8.0,13.0,5.0,1.0,0.0,2.0,4.0,23.0,2.0,54.0,7.0,0.0,16.0,33.0,0.0,33.0,0.0,6.0,0.0,12.0,424.0,0.0,4.0
Edad desconocida,Se desconoce,2018,45.0,0.0,0.0,26.0,12.0,7.0,36.0,0.0,36.0,3.0,0.0,0.0,2.0,0.0,1.0,0.0,284.0,112.0,44.0,2.0,10.0,13.0,5.0,0.0,1.0,2.0,5.0,31.0,2.0,43.0,5.0,1.0,38.0,39.0,0.0,38.0,1.0,3.0,0.0,14.0,470.0,0.0,10.0
Edad desconocida,Se desconoce,2017,25.0,1.0,0.0,18.0,5.0,1.0,42.0,0.0,42.0,14.0,0.0,0.0,10.0,4.0,0.0,1.0,313.0,70.0,116.0,8.0,13.0,24.0,11.0,5.0,0.0,5.0,7.0,22.0,0.0,57.0,1.0,0.0,29.0,27.0,0.0,25.0,2.0,1.0,0.0,22.0,589.0,0.0,11.0
Edad desconocida,Se desconoce,2016,18.0,0.0,0.0,10.0,8.0,0.0,36.0,2.0,34.0,14.0,0.0,0.0,11.0,2.0,1.0,0.0,271.0,53.0,92.0,8.0,11.0,18.0,9.0,2.0,0.0,6.0,11.0,28.0,3.0,57.0,4.0,0.0,17.0,15.0,1.0,13.0,1.0,5.0,0.0,28.0,594.0,0.0,3.0
Edad desconocida,Se desconoce,2015,41.0,0.0,0.0,12.0,9.0,20.0,31.0,4.0,27.0,10.0,0.0,0.0,8.0,0.0,2.0,1.0,299.0,68.0,88.0,15.0,15.0,13.0,9.0,0.0,0.0,4.0,6.0,25.0,2.0,64.0,10.0,3.0,26.0,19.0,0.0,19.0,0.0,5.0,1.0,13.0,794.0,0.0,12.0
Edad desconocida,Se desconoce,2014,85.0,0.0,0.0,21.0,10.0,54.0,18.0,2.0,16.0,10.0,1.0,0.0,5.0,2.0,2.0,1.0,426.0,113.0,137.0,15.0,18.0,37.0,9.0,4.0,2.0,0.0,10.0,21.0,4.0,91.0,10.0,0.0,35.0,17.0,2.0,14.0,1.0,5.0,3.0,5.0,1017.0,0.0,9.0
Edad desconocida,Se desconoce,2013,54.0,0.0,0.0,12.0,4.0,38.0,35.0,1.0,34.0,7.0,0.0,0.0,3.0,1.0,3.0,2.0,5015.0,2404.0,823.0,276.0,103.0,184.0,40.0,6.0,1.0,30.0,82.0,361.0,10.0,775.0,305.0,1.0,224.0,34.0,2.0,22.0,10.0,23.0,3.0,6.0,974.0,0.0,12.0
Edad desconocida,Se desconoce,2012,99.0,0.0,0.0,16.0,3.0,80.0,34.0,1.0,33.0,2.0,0.0,0.0,0.0,0.0,2.0,2.0,4949.0,1897.0,1071.0,286.0,123.0,224.0,60.0,23.0,3.0,28.0,120.0,441.0,13.0,1045.0,59.0,0.0,256.0,42.0,2.0,26.0,14.0,16.0,6.0,14.0,1207.0,0.0,26.0
Edad desconocida,Se desconoce,2011,101.0,1.0,0.0,28.0,4.0,68.0,80.0,3.0,77.0,19.0,0.0,0.0,8.0,2.0,9.0,6.0,5434.0,2074.0,1280.0,431.0,85.0,256.0,69.0,19.0,1.0,36.0,213.0,550.0,9.0,1091.0,12.0,0.0,145.0,57.0,6.0,39.0,12.0,31.0,3.0,16.0,1532.0,0.0,29.0
Edad desconocida,Se desconoce,2010,145.0,3.0,0.0,20.0,9.0,113.0,62.0,2.0,60.0,18.0,1.0,0.0,8.0,1.0,8.0,11.0,7090.0,2702.0,1804.0,600.0,180.0,362.0,71.0,27.0,1.0,40.0,248.0,682.0,105.0,1295.0,146.0,4.0,138.0,100.0,17.0,62.0,21.0,66.0,8.0,37.0,1270.0,0.0,28.0
